fold,sample_id,slide_id,label,pred_full,pred_concept_only,pred_visual_only,pred_full_without_visual,full_correct,concept_correct,visual_correct,full_without_visual_correct,full_margin,concept_margin,visual_margin,csg_margin,full_top1_margin,concept_top1_margin,visual_top1_margin,csg_top1_margin,visual_contribution_ratio,concept_contribution_ratio,csg_contribution_ratio
0,2460239-B2,2460239-B2,0,0,0,0,0,True,True,True,True,10.932807922363281,5.365758895874023,5.557948112487793,-0.0014448747970163822,10.932807922363281,5.365758895874023,5.557948112487793,0.0014448747970163822,0.3153904378414154,0.684609591960907,0.0008503199787810445
0,2460628-B2,2460628-B2,0,0,0,0,0,True,True,True,True,11.63151741027832,6.219209671020508,5.403206825256348,-0.000724197831004858,11.63151741027832,6.219209671020508,5.403206825256348,0.000724197831004858,0.28429773449897766,0.7157022356987,0.0008793713059276342
0,2460641-B2,2460641-B2,0,0,0,0,0,True,True,True,True,8.780927658081055,3.88911771774292,4.8827104568481445,-0.004634958691895008,8.780927658081055,3.88911771774292,4.8827104568481445,0.004634958691895008,0.40774592757225037,0.592254102230072,0.0006042306777089834
0,2460960-B,2460960-B,0,0,0,0,0,True,True,True,True,11.933976173400879,5.753547668457031,6.171327590942383,0.00011527165770530701,11.933976173400879,5.753547668457031,6.171327590942383,0.00011527165770530701,0.3184777796268463,0.6815222501754761,0.0009078044095076621
0,2461671-B2,2461671-B2,0,0,0,0,0,True,True,True,True,11.257853507995605,5.693657398223877,5.555096626281738,-0.001548146829009056,11.257853507995605,5.693657398223877,5.555096626281738,0.001548146829009056,0.31181323528289795,0.688186764717102,0.0008311743149533868
0,2461677-B2,2461677-B2,0,0,0,0,0,True,True,True,True,11.47387981414795,6.02484655380249,5.439932823181152,-0.0025684116408228874,11.47387981414795,6.02484655380249,5.439932823181152,0.0025684116408228874,0.3206820487976074,0.6793179512023926,0.000739307957701385
0,2461700-B2,2461700-B2,0,0,0,0,0,True,True,True,True,9.771652221679688,5.416358947753906,4.346192359924316,-0.006513500586152077,9.771652221679688,5.416358947753906,4.346192359924316,0.006513500586152077,0.3455154299736023,0.6544845700263977,0.00039390375604853034
0,2462478-B2,2462478-B2,0,0,0,0,0,True,True,True,True,11.0816068649292,6.067346572875977,5.005159378051758,-0.0012752278707921505,11.0816068649292,6.067346572875977,5.005159378051758,0.0012752278707921505,0.28327929973602295,0.716720700263977,0.0008307420648634434
0,2462598-B,2462598-B,0,0,0,0,0,True,True,True,True,6.002954483032227,3.6134073734283447,2.3804469108581543,-0.01109716109931469,6.002954483032227,3.6134073734283447,2.3804469108581543,0.01109716109931469,0.2946191728115082,0.7053808569908142,0.0006562822381965816
0,2462637-B2,2462637-B2,0,0,0,0,0,True,True,True,True,10.648553848266602,6.10837459564209,4.531078338623047,-0.004256724379956722,10.648553848266602,6.10837459564209,4.531078338623047,0.004256724379956722,0.2964280843734741,0.7035718560218811,0.0006132803973741829
0,2463127-B3,2463127-B3,0,0,0,0,0,True,True,True,True,10.816097259521484,5.968559265136719,4.838437080383301,-0.002955786883831024,10.816097259521484,5.968559265136719,4.838437080383301,0.002955786883831024,0.29108279943466187,0.7089171409606934,0.0007056047325022519
0,2463647-B2,2463647-B2,0,0,0,0,0,True,True,True,True,12.294620513916016,6.0575852394104,6.227933883666992,0.0002945195883512497,12.294620513916016,6.0575852394104,6.227933883666992,0.0002945195883512497,0.31335586309432983,0.6866441369056702,0.0009492947719991207
0,2463656-B2,2463656-B2,0,0,0,0,0,True,True,True,True,5.414844512939453,3.3859920501708984,2.019752264022827,-0.013028701767325401,5.414844512939453,3.3859920501708984,2.019752264022827,0.013028701767325401,0.5325706601142883,0.4674293100833893,0.00031280083931051195
0,2464548-B,2464548-B,0,0,0,0,0,True,True,True,True,10.531280517578125,6.022348880767822,4.4998321533203125,-0.0021387464366853237,10.531280517578125,6.022348880767822,4.4998321533203125,0.0021387464366853237,0.2619202136993408,0.7380797863006592,0.0008082035346888006
0,2465243-B2,2465243-B2,0,0,0,0,0,True,True,True,True,13.42556095123291,6.543331146240234,6.873128890991211,0.0014930530451238155,13.42556095123291,6.543331146240234,6.873128890991211,0.0014930530451238155,0.32302549481391907,0.6769744753837585,0.0009692407329566777
0,2465396-B2,2465396-B2,0,0,0,0,0,True,True,True,True,10.763163566589355,6.332461357116699,4.421602249145508,-0.0031120716594159603,10.763163566589355,6.332461357116699,4.421602249145508,0.0031120716594159603,0.2705542743206024,0.72944575548172,0.0006851067882962525
0,2465397-B,2465397-B,0,0,0,0,0,True,True,True,True,12.109354019165039,6.137312889099121,5.9629411697387695,-0.0010712805669754744,12.109354019165039,6.137312889099121,5.9629411697387695,0.0010712805669754744,0.3154524862766266,0.684547483921051,0.000752055668272078
0,2465568-B2,2465568-B2,0,0,0,0,0,True,True,True,True,12.528878211975098,6.24586820602417,6.273909568786621,-0.002340533770620823,12.528878211975098,6.24586820602417,6.273909568786621,0.002340533770620823,0.3428885042667389,0.6571115255355835,0.0007219664985314012
0,2465608-B2,2465608-B2,0,0,0,0,0,True,True,True,True,7.9449334144592285,4.6591644287109375,3.2766685485839844,-0.009145202115178108,7.9449334144592285,4.6591644287109375,3.2766685485839844,0.009145202115178108,0.30299994349479675,0.6970000863075256,0.0002987120533362031
0,2466264-B2,2466264-B2,0,0,0,0,0,True,True,True,True,13.062524795532227,6.714638710021973,6.338785171508789,-0.005058924667537212,13.062524795532227,6.714638710021973,6.338785171508789,0.005058924667537212,0.3675869107246399,0.6324130892753601,0.0004667477332986891
0,2466923-B2,2466923-B2,0,0,0,0,0,True,True,True,True,13.224632263183594,6.518155097961426,6.697376251220703,0.0035696481354534626,13.224632263183594,6.518155097961426,6.697376251220703,0.0035696481354534626,0.29842597246170044,0.7015740871429443,0.0011702682822942734
0,2468673-B2,2468673-B2,0,0,0,0,0,True,True,True,True,5.379631042480469,3.407576560974121,1.9629539251327515,-0.014676827937364578,5.379631042480469,3.407576560974121,1.9629539251327515,0.014676827937364578,0.5260148644447327,0.4739851653575897,0.0015973149565979838
0,2468796-B3,2468796-B3,0,0,0,0,0,True,True,True,True,11.739261627197266,5.870081424713135,5.860080242156982,0.0015015737153589725,11.739261627197266,5.870081424713135,5.860080242156982,0.0015015737153589725,0.30081021785736084,0.6991897821426392,0.001064579002559185
0,2469004-B2,2469004-B2,0,0,0,0,0,True,True,True,True,11.142594337463379,6.228643894195557,4.904850006103516,-0.0026925336569547653,11.142594337463379,6.228643894195557,4.904850006103516,0.0026925336569547653,0.29337048530578613,0.7066295742988586,0.0006891457596793771
0,2469029-B2,2469029-B2,0,0,0,0,0,True,True,True,True,10.582426071166992,6.143369674682617,4.429956436157227,-0.0034896181896328926,10.582426071166992,6.143369674682617,4.429956436157227,0.0034896181896328926,0.29050934314727783,0.7094906568527222,0.0006782382843084633
0,2469033-B2,2469033-B2,0,0,0,0,0,True,True,True,True,11.375399589538574,6.003107070922852,5.363191604614258,2.8264708817005157e-05,11.375399589538574,6.003107070922852,5.363191604614258,2.8264708817005157e-05,0.27810394763946533,0.7218960523605347,0.0009510677773505449
0,2469496-B,2469496-B,0,0,0,0,0,True,True,True,True,10.567086219787598,6.016432762145996,4.541553497314453,-0.005467621143907309,10.567086219787598,6.016432762145996,4.541553497314453,0.005467621143907309,0.3133311867713928,0.6866688132286072,0.0004945635446347296
0,2469569-B2,2469569-B2,0,0,0,0,0,True,True,True,True,12.608046531677246,6.187874794006348,6.411072254180908,0.0013857129961252213,12.608046531677246,6.187874794006348,6.411072254180908,0.0013857129961252213,0.30579638481140137,0.6942035555839539,0.0010591953760012984
0,2469849-B2,2469849-B2,0,0,0,0,0,True,True,True,True,8.11720085144043,4.69348669052124,3.4146132469177246,-0.008669048547744751,8.11720085144043,4.69348669052124,3.4146132469177246,0.008669048547744751,0.31040626764297485,0.6895937323570251,0.00013364222832024097
0,2469927-B2,2469927-B2,0,0,0,0,0,True,True,True,True,8.021206855773926,5.148348808288574,2.863757610321045,-0.009498178027570248,8.021206855773926,5.148348808288574,2.863757610321045,0.009498178027570248,0.282269686460495,0.7177303433418274,0.00011618025746429339
0,2471237-B2,2471237-B2,0,0,0,0,0,True,True,True,True,13.007490158081055,6.162251949310303,6.8361382484436035,0.002661552280187607,13.007490158081055,6.162251949310303,6.8361382484436035,0.002661552280187607,0.3199855089187622,0.6800145506858826,0.0010864224750548601
0,2471452-B2,2471452-B2,0,0,0,0,0,True,True,True,True,12.71910285949707,6.464526176452637,6.245476722717285,0.0009934031404554844,12.71910285949707,6.464526176452637,6.245476722717285,0.0009934031404554844,0.303793728351593,0.696206271648407,0.0009887139312922955
0,2471884-B2,2471884-B2,0,1,1,1,1,False,False,False,False,-6.938724994659424,-3.888305425643921,-3.0595197677612305,-0.010619580745697021,6.938724994659424,3.888305425643921,3.0595197677612305,0.010619580745697021,0.7987146973609924,0.20128530263900757,0.001973700011149049
0,2471957-B,2471957-B,0,0,0,0,0,True,True,True,True,3.2308125495910645,2.954166889190674,0.26754534244537354,-0.013337722979485989,3.2308125495910645,2.954166889190674,0.26754534244537354,0.013337722979485989,0.3702732026576996,0.6297268271446228,0.0009259821963496506
0,2471959-B2,2471959-B2,0,0,0,0,0,True,True,True,True,7.2049970626831055,4.953890800476074,2.242006301879883,-0.006971464026719332,7.2049970626831055,4.953890800476074,2.242006301879883,0.006971464026719332,0.20765064656734467,0.7923493981361389,0.00038910802686586976
0,2471963-B,2471963-B,0,0,0,0,0,True,True,True,True,4.479806423187256,2.7925479412078857,1.6781582832336426,-0.018755078315734863,4.479806423187256,2.7925479412078857,1.6781582832336426,0.018755078315734863,0.2026091367006302,0.7973908185958862,0.00416501984000206
0,2473212-B4,2473212-B4,0,0,0,0,0,True,True,True,True,5.326011657714844,4.223505973815918,1.0934057235717773,-0.01179916225373745,5.326011657714844,4.223505973815918,1.0934057235717773,0.01179916225373745,0.12516814470291138,0.8748319149017334,0.0008779030758887529
0,2473218-B3,2473218-B3,0,0,0,0,0,True,True,True,True,7.583626747131348,4.04937219619751,3.5251541137695312,-0.007174708880484104,7.583626747131348,4.04937219619751,3.5251541137695312,0.007174708880484104,0.2851415276527405,0.7148584127426147,6.0961247072555125e-05
0,2473534-B2,2473534-B2,0,0,0,0,0,True,True,True,True,9.57860279083252,4.789089202880859,4.7804131507873535,-0.0040612295269966125,9.57860279083252,4.789089202880859,4.7804131507873535,0.0040612295269966125,0.2974238097667694,0.702576220035553,0.000516003929078579
0,2473549-B,2473549-B,0,0,0,0,0,True,True,True,True,11.42078971862793,5.885190010070801,5.526499271392822,-0.0022589061409235,11.42078971862793,5.885190010070801,5.526499271392822,0.0022589061409235,0.3202003836631775,0.6797996163368225,0.0007620967808179557
0,2473621-B3,2473621-B3,0,0,0,0,0,True,True,True,True,7.8827385902404785,4.265107154846191,3.6085314750671387,0.004429758992046118,7.8827385902404785,4.265107154846191,3.6085314750671387,0.004429758992046118,0.20654982328414917,0.7934502363204956,0.0013334908289834857
0,2474150-B3,2474150-B3,0,0,0,0,0,True,True,True,True,9.455498695373535,5.188024520874023,4.258374214172363,-0.006919629406183958,9.455498695373535,5.188024520874023,4.258374214172363,0.006919629406183958,0.33061596751213074,0.6693840622901917,0.00027190038235858083
0,2474291-B2,2474291-B2,0,0,0,0,0,True,True,True,True,10.076996803283691,4.828606605529785,5.239289283752441,-0.00782350730150938,10.076996803283691,4.828606605529785,5.239289283752441,0.00782350730150938,0.3968110680580139,0.6031889319419861,1.484144559071865e-05
0,2474337-B3,2474337-B3,0,0,0,0,0,True,True,True,True,12.550455093383789,6.21364164352417,6.327712535858154,-0.0016241115517914295,12.550455093383789,6.21364164352417,6.327712535858154,0.0016241115517914295,0.329106867313385,0.6708930730819702,0.0007864916115067899
0,2474638-B3,2474638-B3,0,0,0,0,0,True,True,True,True,11.161436080932617,5.966996669769287,5.18533992767334,-0.001475735567510128,11.161436080932617,5.966996669769287,5.18533992767334,0.001475735567510128,0.29007014632225037,0.709929883480072,0.0008383580716326833
0,2474739-B2,2474739-B2,0,0,0,0,0,True,True,True,True,13.320507049560547,6.636761665344238,6.67464542388916,0.0036307992413640022,13.320507049560547,6.636761665344238,6.67464542388916,0.0036307992413640022,0.2907105088233948,0.7092894911766052,0.0011918460950255394
0,2475011-B2,2475011-B2,0,0,0,0,0,True,True,True,True,13.606134414672852,6.526677131652832,7.070357322692871,0.0016257376410067081,13.606134414672852,6.526677131652832,7.070357322692871,0.0016257376410067081,0.32536929845809937,0.6746307015419006,0.0009974578861147165
0,2475022-B,2475022-B,0,0,0,0,0,True,True,True,True,13.897772789001465,6.573082447052002,7.3155903816223145,0.0028866692446172237,13.897772789001465,6.573082447052002,7.3155903816223145,0.0028866692446172237,0.32307305932044983,0.6769269108772278,0.0010895992163568735
0,2475126-B2,2475126-B2,0,0,0,0,0,True,True,True,True,11.850386619567871,6.306876182556152,5.53441047668457,-0.0008286158554255962,11.850386619567871,6.306876182556152,5.53441047668457,0.0008286158554255962,0.2929210066795349,0.7070789933204651,0.0008434479823336005
0,2475349-B2,2475349-B2,0,0,0,0,0,True,True,True,True,10.943045616149902,5.211672306060791,5.722273826599121,-0.0006660481449216604,10.943045616149902,5.211672306060791,5.722273826599121,0.0006660481449216604,0.31831252574920654,0.6816874146461487,0.0006993341376073658
0,2476252-B2,2476252-B2,0,0,0,0,0,True,True,True,True,11.731388092041016,5.939816951751709,5.782471656799316,-0.00031390832737088203,11.731388092041016,5.939816951751709,5.782471656799316,0.00031390832737088203,0.3027883768081665,0.6972116231918335,0.0009006033651530743
0,2477189-B3,2477189-B3,0,0,0,0,0,True,True,True,True,5.267525672912598,3.646867275238037,1.611558198928833,-0.008752696216106415,5.267525672912598,3.646867275238037,1.611558198928833,0.008752696216106415,0.13631021976470947,0.8636898398399353,2.2499994884128682e-05
0,2477541-B2,2477541-B2,0,0,0,0,0,True,True,True,True,10.158988952636719,4.42970609664917,5.7201828956604,-0.008476315066218376,10.158988952636719,4.42970609664917,5.7201828956604,0.008476315066218376,0.4308375418186188,0.5691624879837036,0.0002317091275472194
0,2477809-B3,2477809-B3,0,0,0,0,0,True,True,True,True,11.906072616577148,6.131260871887207,5.765710830688477,-0.0032843472436070442,11.906072616577148,6.131260871887207,5.765710830688477,0.0032843472436070442,0.33115026354789734,0.668849766254425,0.0006312843761406839
0,2477949-B2,2477949-B2,0,0,0,0,0,True,True,True,True,12.07751750946045,6.911886215209961,5.156530380249023,-0.0015242327935993671,12.07751750946045,6.911886215209961,5.156530380249023,0.0015242327935993671,0.2764323353767395,0.7235676646232605,0.0008048700401559472
0,2477977-B3,2477977-B3,0,0,0,0,0,True,True,True,True,7.917516231536865,4.533403396606445,3.375012159347534,-0.011226137168705463,7.917516231536865,4.533403396606445,3.375012159347534,0.011226137168705463,0.3591085374355316,0.640891432762146,0.0006374538061209023
0,2482056-B4,2482056-B4,0,0,0,0,0,True,True,True,True,11.825577735900879,6.172684669494629,5.643793106079102,-0.0007735756225883961,11.825577735900879,6.172684669494629,5.643793106079102,0.0007735756225883961,0.2955600619316101,0.7044399380683899,0.0008893122430890799
0,2482896-B2,2482896-B2,0,0,0,0,0,True,True,True,True,6.364272117614746,3.711026430130005,2.6441452503204346,-0.012459567748010159,6.364272117614746,3.711026430130005,2.6441452503204346,0.012459567748010159,0.25508424639701843,0.7449157238006592,0.0011240944731980562
0,2482969-B,2482969-B,0,0,0,0,0,True,True,True,True,7.639932632446289,4.570359230041504,3.0604724884033203,-0.010923094116151333,7.639932632446289,4.570359230041504,3.0604724884033203,0.010923094116151333,0.3151213228702545,0.6848786473274231,0.0006327563896775246
0,2483211-B2,2483211-B2,0,0,0,0,0,True,True,True,True,10.910825729370117,5.859376430511475,5.042349338531494,0.0025983252562582493,10.910825729370117,5.859376430511475,5.042349338531494,0.0025983252562582493,0.24698981642723083,0.7530102133750916,0.001154468860477209
0,2483846-B,2483846-B,0,0,0,0,0,True,True,True,True,13.036874771118164,6.625707149505615,6.402068138122559,0.0031993212178349495,13.036874771118164,6.625707149505615,6.402068138122559,0.0031993212178349495,0.28638482093811035,0.7136152386665344,0.0011446942808106542
0,2483961-B3,2483961-B3,0,0,0,0,0,True,True,True,True,10.743470191955566,5.725196838378906,5.009172439575195,-0.001503863837569952,10.743470191955566,5.725196838378906,5.009172439575195,0.001503863837569952,0.29357197880744934,0.7064279913902283,0.0007570326561108232
0,2483993-B2,2483993-B2,0,0,0,0,0,True,True,True,True,5.403429985046387,3.9635322093963623,1.4307973384857178,-0.010412325151264668,5.403429985046387,3.9635322093963623,1.4307973384857178,0.010412325151264668,0.14454688131809235,0.8554530739784241,0.0004736183618661016
0,2484727-B2,2484727-B2,0,0,0,0,0,True,True,True,True,11.415910720825195,6.012316703796387,5.394493103027344,0.0035766526125371456,11.415910720825195,6.012316703796387,5.394493103027344,0.0035766526125371456,0.2531062960624695,0.7468937039375305,0.0011075489455834031
0,2484771-B3,2484771-B3,0,0,0,0,0,True,True,True,True,11.995867729187012,6.044245719909668,5.942521095275879,5.240319296717644e-05,11.995867729187012,6.044245719909668,5.942521095275879,5.240319296717644e-05,0.3088887929916382,0.6911112666130066,0.0009306587744504213
0,2484791-B3,2484791-B3,0,0,0,0,0,True,True,True,True,13.004304885864258,6.662845611572266,6.3323588371276855,0.0014490424655377865,13.004304885864258,6.662845611572266,6.3323588371276855,0.0014490424655377865,0.29704102873802185,0.7029589414596558,0.0010311228688806295
0,2485275-B2,2485275-B2,0,1,1,1,1,False,False,False,False,-4.609432697296143,-2.471684455871582,-2.146848201751709,-0.011939749121665955,4.609432697296143,2.471684455871582,2.146848201751709,0.011939749121665955,0.40250107645988464,0.5974989533424377,9.28557783481665e-05
0,2485969-B2,2485969-B2,0,0,0,0,0,True,True,True,True,12.264140129089355,6.11521577835083,6.139823913574219,-0.0004298933781683445,12.264140129089355,6.11521577835083,6.139823913574219,0.0004298933781683445,0.3185352087020874,0.6814647912979126,0.0008620984735898674
0,2486687-B3,2486687-B3,0,0,0,0,0,True,True,True,True,11.050433158874512,5.9771809577941895,5.064151763916016,-0.005010059103369713,11.050433158874512,5.9771809577941895,5.064151763916016,0.005010059103369713,0.33845773339271545,0.6615422368049622,0.00047921232180669904
0,2486833-B2,2486833-B2,0,0,0,0,0,True,True,True,True,12.658628463745117,6.259750843048096,6.389777183532715,-0.00015092967078089714,12.658628463745117,6.259750843048096,6.389777183532715,0.00015092967078089714,0.32436612248420715,0.6756339073181152,0.0008657753351144493
0,2487140-B2,2487140-B2,0,0,0,0,0,True,True,True,True,6.481919765472412,4.067701816558838,2.4051172733306885,-0.010828029364347458,6.481919765472412,4.067701816558838,2.4051172733306885,0.010828029364347458,0.2665293514728546,0.733470618724823,0.00021797252702526748
0,2487146-B2,2487146-B2,0,0,0,0,0,True,True,True,True,10.706396102905273,4.880266189575195,5.817028999328613,-0.004543440882116556,10.706396102905273,4.880266189575195,5.817028999328613,0.004543440882116556,0.3759547173976898,0.6240453124046326,0.0004355256969574839
0,2487237-B2,2487237-B2,0,0,0,0,0,True,True,True,True,10.597713470458984,5.571081638336182,5.0175323486328125,-0.003143181325867772,10.597713470458984,5.571081638336182,5.0175323486328125,0.003143181325867772,0.31005969643592834,0.6899402737617493,0.000543503905646503
0,2487274-B2,2487274-B2,0,0,0,0,0,True,True,True,True,7.32598352432251,3.8254830837249756,3.491400718688965,-0.00028390949591994286,7.32598352432251,3.8254830837249756,3.491400718688965,0.00028390949591994286,0.24763087928295135,0.7523691058158875,0.000995693146251142
0,2487376-B2,2487376-B2,0,0,0,0,0,True,True,True,True,12.150206565856934,6.5489420890808105,5.592164039611816,-0.0006470284424722195,12.150206565856934,6.5489420890808105,5.592164039611816,0.0006470284424722195,0.29543495178222656,0.7045650482177734,0.0008239886374212801
0,2487558-B2,2487558-B2,0,0,0,0,0,True,True,True,True,4.6462507247924805,3.407864570617676,1.229287028312683,-0.005790758412331343,4.6462507247924805,3.407864570617676,1.229287028312683,0.005790758412331343,0.16316288709640503,0.8368370532989502,0.0005156313418410718
0,2488039-B2,2488039-B2,0,0,0,0,0,True,True,True,True,9.45069694519043,4.3098602294921875,5.131735801696777,-0.011321568861603737,9.45069694519043,4.3098602294921875,5.131735801696777,0.011321568861603737,0.483944833278656,0.5160552263259888,0.0009636713657528162
0,2488050-B3,2488050-B3,0,0,0,0,0,True,True,True,True,11.735151290893555,6.063009262084961,5.663042068481445,-0.0022613704204559326,11.735151290893555,6.063009262084961,5.663042068481445,0.0022613704204559326,0.32305261492729187,0.6769474148750305,0.0007233875221572816
0,2488330-B2,2488330-B2,0,0,0,0,0,True,True,True,True,9.873968124389648,4.8918776512146,4.972990989685059,-0.005329047329723835,9.873968124389648,4.8918776512146,4.972990989685059,0.005329047329723835,0.3575808107852936,0.6424192190170288,0.00036971483496017754
0,2488769-B2,2488769-B2,0,0,0,0,0,True,True,True,True,11.556718826293945,6.18267822265625,5.364940166473389,-0.004338218830525875,11.556718826293945,6.18267822265625,5.364940166473389,0.004338218830525875,0.34144413471221924,0.6585558652877808,0.0005417341599240899
0,2489137-B4,2489137-B4,0,0,0,0,0,True,True,True,True,13.216726303100586,6.348938465118408,6.858687400817871,0.0022327490150928497,13.216726303100586,6.348938465118408,6.858687400817871,0.0022327490150928497,0.3191908001899719,0.6808091402053833,0.0010538316564634442
0,2489203-B,2489203-B,0,0,0,0,0,True,True,True,True,11.095460891723633,6.266874313354492,4.819486618041992,-0.0029892586171627045,11.095460891723633,6.266874313354492,4.819486618041992,0.0029892586171627045,0.2869853675365448,0.7130146026611328,0.0007074304739944637
0,25012253B3,25012253B3,0,0,0,0,0,True,True,True,True,10.886351585388184,4.1917548179626465,6.685496807098389,-0.003273637965321541,10.886351585388184,4.1917548179626465,6.685496807098389,0.003273637965321541,0.42033320665359497,0.579666793346405,0.0006679840153083205
0,25012785B2,25012785B2,0,0,0,0,0,True,True,True,True,9.052236557006836,4.909857749938965,4.133278846740723,-0.006567656993865967,9.052236557006836,4.909857749938965,4.133278846740723,0.006567656993865967,0.2993828356266022,0.7006171941757202,3.501124228932895e-05
0,25013871B6,25013871B6,0,0,0,0,0,True,True,True,True,8.674474716186523,4.753775596618652,3.9115986824035645,-0.008688456378877163,8.674474716186523,4.753775596618652,3.9115986824035645,0.008688456378877163,0.3285093903541565,0.6714906096458435,0.00025279639521613717
0,25014124B2,25014124B2,0,0,0,0,0,True,True,True,True,4.17336368560791,1.593898892402649,2.570364475250244,-0.010931754484772682,4.17336368560791,1.593898892402649,2.570364475250244,0.010931754484772682,0.3522539734840393,0.6477459669113159,0.000110286520794034
0,25014217B3,25014217B3,0,0,0,0,0,True,True,True,True,12.761510848999023,6.494829177856445,6.25758171081543,0.001427412498742342,12.761510848999023,6.494829177856445,6.25758171081543,0.001427412498742342,0.3059038519859314,0.6940960884094238,0.0009504093904979527
0,25014268B,25014268B,0,0,0,0,0,True,True,True,True,11.745584487915039,5.949100971221924,5.787382125854492,-0.004182965029031038,11.745584487915039,5.949100971221924,5.787382125854492,0.004182965029031038,0.3574136197566986,0.6425864100456238,0.0005403096438385546
0,25014311B2,25014311B2,0,0,0,0,0,True,True,True,True,11.921868324279785,5.864156723022461,6.048611640930176,-0.00019882665947079659,11.921868324279785,5.864156723022461,6.048611640930176,0.00019882665947079659,0.3145192563533783,0.6854807734489441,0.0009392397478222847
0,25014318B,25014318B,0,0,0,0,0,True,True,True,True,9.710522651672363,4.950128555297852,4.751293182373047,-0.005232658702880144,9.710522651672363,4.950128555297852,4.751293182373047,0.005232658702880144,0.3318850100040436,0.668114960193634,0.0004632872878573835
0,25014684B,25014684B,0,0,0,0,0,True,True,True,True,6.307803153991699,3.638371229171753,2.6603317260742188,-0.009261253289878368,6.307803153991699,3.638371229171753,2.6603317260742188,0.009261253289878368,0.23925276100635529,0.7607472538948059,0.0003076127322856337
0,25015070B2,25015070B2,0,0,0,0,0,True,True,True,True,11.011102676391602,5.688192844390869,5.313809394836426,-0.002423639874905348,11.011102676391602,5.688192844390869,5.313809394836426,0.002423639874905348,0.31342175602912903,0.6865782141685486,0.0007380095776170492
0,25015087B2,25015087B2,0,1,1,1,1,False,False,False,False,-5.628932952880859,-3.150341033935547,-2.487691640853882,-0.012829943560063839,5.628932952880859,3.150341033935547,2.487691640853882,0.012829943560063839,0.5019853115081787,0.4980146884918213,0.0005442316760309041
0,25015204B2,25015204B2,0,0,0,0,0,True,True,True,True,9.972563743591309,5.521550178527832,4.441913604736328,-0.0051388489082455635,9.972563743591309,5.521550178527832,4.441913604736328,0.0051388489082455635,0.3070206642150879,0.6929793953895569,0.0004119044460821897
0,25015422B,25015422B,0,0,0,0,0,True,True,True,True,6.106569290161133,2.9548747539520264,3.142594337463379,-0.005293333902955055,6.106569290161133,2.9548747539520264,3.142594337463379,0.005293333902955055,0.2772745192050934,0.722725510597229,0.0005859691882506013
0,25015607B2,25015607B2,0,0,0,0,0,True,True,True,True,11.154165267944336,5.732779502868652,5.412285327911377,-0.001210448332130909,11.154165267944336,5.732779502868652,5.412285327911377,0.001210448332130909,0.3089890480041504,0.6910109519958496,0.0008047940791584551
0,25015622B2,25015622B2,0,0,0,0,0,True,True,True,True,8.381715774536133,5.099494457244873,3.273120403289795,-0.008519255556166172,8.381715774536133,5.099494457244873,3.273120403289795,0.008519255556166172,0.3045184016227722,0.6954816579818726,0.00013354214024730027
0,25015811B3,25015811B3,0,0,0,0,0,True,True,True,True,11.919180870056152,6.2100019454956055,5.700079917907715,-0.00032541994005441666,11.919180870056152,6.2100019454956055,5.700079917907715,0.00032541994005441666,0.296546995639801,0.703453004360199,0.0009134304709732533
0,25015820B,25015820B,0,0,0,0,0,True,True,True,True,8.620306015014648,4.942118167877197,3.6690874099731445,-0.005541694350540638,8.620306015014648,4.942118167877197,3.6690874099731445,0.005541694350540638,0.262845903635025,0.7371541261672974,0.0003856504044961184
0,25015870B3,25015870B3,0,0,0,0,0,True,True,True,True,11.836124420166016,5.337802410125732,6.489221096038818,-0.005058886483311653,11.836124420166016,5.337802410125732,6.489221096038818,0.005058886483311653,0.40550392866134644,0.5944961309432983,0.00033421642729081213
0,25017211B2,25017211B2,0,0,0,0,0,True,True,True,True,12.008731842041016,6.254774570465088,5.744857311248779,-0.00044739432632923126,12.008731842041016,6.254774570465088,5.744857311248779,0.00044739432632923126,0.30038294196128845,0.6996170878410339,0.0008302559144794941
0,25017355B1,25017355B1,0,0,0,0,0,True,True,True,True,12.342142105102539,6.133798599243164,6.199243068695068,-0.0009082658216357231,12.342142105102539,6.133798599243164,6.199243068695068,0.0009082658216357231,0.3290359675884247,0.6709640026092529,0.0008343281224370003
0,25017711B,25017711B,0,0,0,0,0,True,True,True,True,10.870361328125,5.749677658081055,5.111583232879639,-0.0015975581482052803,10.870361328125,5.749677658081055,5.111583232879639,0.0015975581482052803,0.2894120514392853,0.7105879187583923,0.000797490996774286
0,25017948B3,25017948B3,0,0,0,0,0,True,True,True,True,10.188619613647461,5.869903564453125,4.309615612030029,-0.0017721159383654594,10.188619613647461,5.869903564453125,4.309615612030029,0.0017721159383654594,0.2526405155658722,0.7473594546318054,0.0008024057606235147
0,25019384B2,25019384B2,0,0,0,0,0,True,True,True,True,8.659317016601562,5.447275161743164,3.202941656112671,-0.007750691846013069,8.659317016601562,5.447275161743164,3.202941656112671,0.007750691846013069,0.25525546073913574,0.7447445392608643,7.371897663688287e-05
0,25021171B2,25021171B2,0,0,0,0,0,True,True,True,True,11.077251434326172,5.439591884613037,5.628559589385986,-0.001674725441262126,11.077251434326172,5.439591884613037,5.628559589385986,0.001674725441262126,0.3315560817718506,0.6684438586235046,0.0007248229230754077
0,25021260B2,25021260B2,0,0,0,0,0,True,True,True,True,11.760675430297852,6.481011867523193,5.270563125610352,6.216252222657204e-05,11.760675430297852,6.481011867523193,5.270563125610352,6.216252222657204e-05,0.27869653701782227,0.721303403377533,0.0009280630038119853
0,25021622B4,25021622B4,0,0,0,0,0,True,True,True,True,9.4515380859375,5.667428016662598,3.775010108947754,-0.0036934970412403345,9.4515380859375,5.667428016662598,3.775010108947754,0.0036934970412403345,0.2506348788738251,0.7493650913238525,0.0006388812325894833
0,25021640B3,25021640B3,0,0,0,0,0,True,True,True,True,7.049113750457764,3.504751443862915,3.535262107849121,-0.003960824571549892,7.049113750457764,3.504751443862915,3.535262107849121,0.003960824571549892,0.2589004933834076,0.7410995364189148,0.0006093637202866375
0,25022278B2,25022278B2,0,0,0,0,0,True,True,True,True,11.367530822753906,6.0906572341918945,5.267773628234863,-0.001807358581572771,11.367530822753906,6.0906572341918945,5.267773628234863,0.001807358581572771,0.2989971935749054,0.7010027766227722,0.0007608729065395892
0,25023687B2,25023687B2,0,0,0,0,0,True,True,True,True,4.642165660858154,3.7229511737823486,0.9101138710975647,-0.012783152982592583,4.642165660858154,3.7229511737823486,0.9101138710975647,0.012783152982592583,0.3574257493019104,0.6425742506980896,0.00033041363349184394
0,25023690B3,25023690B3,0,0,0,0,0,True,True,True,True,5.530007839202881,3.7998876571655273,1.7210198640823364,-0.01159181259572506,5.530007839202881,3.7998876571655273,1.7210198640823364,0.01159181259572506,0.3060756027698517,0.6939244270324707,0.00010943167580990121
0,25023930B2,25023930B2,0,0,0,0,0,True,True,True,True,11.472784996032715,5.607422351837158,5.85626220703125,-0.0018916535191237926,11.472784996032715,5.607422351837158,5.85626220703125,0.0018916535191237926,0.3328689932823181,0.6671309471130371,0.0007021507481113076
0,25023936B2,25023936B2,0,0,0,0,0,True,True,True,True,6.627167701721191,2.577854871749878,4.040212631225586,-0.0028971810825169086,6.627167701721191,2.577854871749878,4.040212631225586,0.0028971810825169086,0.2394920140504837,0.7605079412460327,0.0007892259163782
0,25023977B2,25023977B2,0,1,1,1,1,False,False,False,False,-3.458611488342285,-2.5854759216308594,-0.8822360038757324,-0.01570727676153183,3.458611488342285,2.5854759216308594,0.8822360038757324,0.01570727676153183,0.5838916301727295,0.4161083698272705,0.0016489666886627674
0,25024310B3,25024310B3,0,0,0,0,0,True,True,True,True,13.1259126663208,7.024228572845459,6.092584609985352,0.002552235499024391,13.1259126663208,7.024228572845459,6.092584609985352,0.002552235499024391,0.27777740359306335,0.7222225666046143,0.0010788962244987488
0,25024688B2,25024688B2,0,0,0,0,0,True,True,True,True,11.288077354431152,6.489515781402588,4.789461135864258,-0.0003836606629192829,11.288077354431152,6.489515781402588,4.789461135864258,0.0003836606629192829,0.25292742252349854,0.7470725774765015,0.0009317717631347477
0,25024983B2,25024983B2,0,0,0,0,0,True,True,True,True,12.393173217773438,6.0463786125183105,6.33769416809082,0.001978393644094467,12.393173217773438,6.0463786125183105,6.33769416809082,0.001978393644094467,0.30617615580558777,0.6938238143920898,0.001050537801347673
0,25025506B,25025506B,0,0,0,0,0,True,True,True,True,10.150222778320312,5.249151706695557,4.891971588134766,-0.0034595122560858727,10.150222778320312,5.249151706695557,4.891971588134766,0.0034595122560858727,0.31399357318878174,0.6860064268112183,0.0006168997497297823
0,25025510B3,25025510B3,0,0,0,0,0,True,True,True,True,10.71323299407959,5.825430870056152,4.878701686859131,-0.002767372876405716,10.71323299407959,5.825430870056152,4.878701686859131,0.002767372876405716,0.29211750626564026,0.7078824639320374,0.0007476332248188555
0,25027135B3,25027135B3,0,0,0,0,0,True,True,True,True,10.904935836791992,5.655629634857178,5.240204811096191,-0.0028808428905904293,10.904935836791992,5.655629634857178,5.240204811096191,0.0028808428905904293,0.316030353307724,0.6839696764945984,0.0006044788751751184
0,25027290B2,25027290B2,0,0,0,0,0,True,True,True,True,6.603127479553223,4.280915260314941,2.3131117820739746,-0.009105728007853031,6.603127479553223,4.280915260314941,2.3131117820739746,0.009105728007853031,0.19766663014888763,0.8023333549499512,0.00045661101466976106
0,2490860B2,2490860B2,0,0,0,0,0,True,True,True,True,9.892096519470215,5.348320960998535,4.534674644470215,-0.00516754575073719,9.892096519470215,5.348320960998535,4.534674644470215,0.00516754575073719,0.31312310695648193,0.6868768334388733,0.00036627170629799366
0,2490964B2,2490964B2,0,0,0,0,0,True,True,True,True,11.839397430419922,6.2212371826171875,5.609060287475586,-0.0017882613465189934,11.839397430419922,6.2212371826171875,5.609060287475586,0.0017882613465189934,0.3095683455467224,0.6904316544532776,0.0007927571423351765
0,2490978B2,2490978B2,0,0,0,0,0,True,True,True,True,6.353527069091797,4.172811031341553,2.1716160774230957,-0.01117808185517788,6.353527069091797,4.172811031341553,2.1716160774230957,0.01117808185517788,0.2871033847332001,0.7128966450691223,0.00043581429054029286
0,25001929B3,25001929B3,0,1,1,1,1,False,False,False,False,-7.4125518798828125,-4.348607540130615,-3.073045492172241,-0.010225437581539154,7.4125518798828125,4.348607540130615,3.073045492172241,0.010225437581539154,0.7287065386772156,0.27129340171813965,0.0013042646460235119
0,25009756B2,25009756B2,0,0,0,0,0,True,True,True,True,9.876420974731445,5.901208877563477,3.9661126136779785,-0.005215868819504976,9.876420974731445,5.901208877563477,3.9661126136779785,0.005215868819504976,0.281818687915802,0.7181812524795532,0.0005192903918214142
0,25015064B,25015064B,0,0,0,0,0,True,True,True,True,7.682590961456299,4.179877758026123,3.493612766265869,-0.00970911979675293,7.682590961456299,4.179877758026123,3.493612766265869,0.00970911979675293,0.3057212233543396,0.6942787766456604,0.0003674901672638953
0,2482883-B2,2482883-B2,1,1,1,1,1,True,True,True,True,12.1632719039917,5.823297023773193,6.349074363708496,0.006020985543727875,12.1632719039917,5.823297023773193,6.349074363708496,0.006020985543727875,0.5323211550712585,0.46767890453338623,7.914988236734644e-05
0,2483850-B2,2483850-B2,1,1,1,1,1,True,True,True,True,12.887415885925293,7.34393310546875,5.552582740783691,0.017793169245123863,12.887415885925293,7.34393310546875,5.552582740783691,0.017793169245123863,0.35072213411331177,0.6492778658866882,5.6063094234559685e-05
0,2485632-B.,2485632-B,1,1,1,1,1,True,True,True,True,16.132911682128906,8.697296142578125,7.4447174072265625,-0.0021056700497865677,16.132911682128906,8.697296142578125,7.4447174072265625,0.0021056700497865677,0.6871652603149414,0.312834769487381,0.0007465335074812174
0,2487053-B2,2487053-B2,1,1,1,1,1,True,True,True,True,5.637760162353516,3.229027032852173,2.4178333282470703,0.014390556141734123,5.637760162353516,3.229027032852173,2.4178333282470703,0.014390556141734123,0.9136688113212585,0.08633122593164444,0.0019552952144294977
0,25013629B6,25013629B6,1,1,1,1,1,True,True,True,True,2.3856117725372314,2.285579204559326,0.10913282632827759,0.017513567581772804,2.3856117725372314,2.285579204559326,0.10913282632827759,0.017513567581772804,0.3372243046760559,0.6627756953239441,0.0005160827422514558
0,25015052B3,25015052B3,1,1,1,1,1,True,True,True,True,6.7979278564453125,3.4829115867614746,3.3241167068481445,0.011306391097605228,6.7979278564453125,3.4829115867614746,3.3241167068481445,0.011306391097605228,0.7242284417152405,0.27577152848243713,0.0018733858596533537
0,25015191B3,25015191B3,1,1,1,0,1,True,True,False,True,1.3115700483322144,1.661635160446167,-0.34096476435661316,0.015376663766801357,1.3115700483322144,1.661635160446167,0.34096476435661316,0.015376663766801357,0.05988900735974312,0.940110981464386,0.00606779009103775
0,25016027B,25016027B,1,1,1,1,1,True,True,True,True,15.02904987335205,7.9114670753479,7.126683235168457,-0.0023466902785003185,15.02904987335205,7.9114670753479,7.126683235168457,0.0023466902785003185,0.5855518579483032,0.4144481420516968,0.0003214206371922046
0,25016031B2,25016031B2,1,1,1,1,1,True,True,True,True,14.77590560913086,7.686928749084473,7.098077774047852,0.007650373503565788,14.77590560913086,7.686928749084473,7.098077774047852,0.007650373503565788,0.5282462239265442,0.47175371646881104,0.000202641254873015
0,25017355B4,25017355B4,1,1,1,1,1,True,True,True,True,5.119085311889648,2.4443199634552,2.683865547180176,0.000626029446721077,5.119085311889648,2.4443199634552,2.683865547180176,0.000626029446721077,0.4565320909023285,0.5434678792953491,0.0011208760552108288
0,25017923B,25017923B,1,1,1,1,1,True,True,True,True,7.110072135925293,3.3765742778778076,3.742598295211792,0.01095200702548027,7.110072135925293,3.3765742778778076,3.742598295211792,0.01095200702548027,0.5026853680610657,0.4973146319389343,6.133691204013303e-05
0,25019273B,25019273B,1,0,0,0,0,False,False,False,False,-4.325561046600342,-1.3258399963378906,-2.9906208515167236,0.021875176578760147,4.325561046600342,1.3258399963378906,2.9906208515167236,0.021875176578760147,0.5780026316642761,0.4219973683357239,0.004163276869803667
0,25020556B4,25020556B4,1,0,0,0,0,False,False,False,False,-4.771217346191406,-3.669395923614502,-1.0927207469940186,0.01405339315533638,4.771217346191406,3.669395923614502,1.0927207469940186,0.01405339315533638,0.2326292246580124,0.7673707604408264,0.0016579749062657356
0,25021277B4,25021277B4,1,1,1,1,1,True,True,True,True,4.146951675415039,2.5675578117370605,1.5884943008422852,0.011872522532939911,4.146951675415039,2.5675578117370605,1.5884943008422852,0.011872522532939911,0.86337810754776,0.13662189245224,0.002026795642450452
0,25022013B,25022013B,1,1,1,1,1,True,True,True,True,7.285012722015381,3.5877833366394043,3.706329822540283,0.011424826458096504,7.285012722015381,3.5877833366394043,3.706329822540283,0.011424826458096504,0.7090650200843811,0.29093503952026367,0.0009062992176041007
0,25023687B4,25023687B4,1,1,1,1,1,True,True,True,True,2.6803481578826904,1.841501235961914,0.847947359085083,0.013077940791845322,2.6803481578826904,1.841501235961914,0.847947359085083,0.013077940791845322,0.5421671271324158,0.45783287286758423,0.0008983860025182366
0,25023961B2,25023961B2,1,0,0,0,0,False,False,False,False,-1.7836594581604004,-1.0813825130462646,-0.6931766867637634,0.004446027800440788,1.7836594581604004,1.0813825130462646,0.6931766867637634,0.004446027800440788,0.17526523768901825,0.8247348070144653,0.0007996985223144293
0,25023972B3,25023972B3,1,0,0,0,0,False,False,False,False,-6.430614471435547,-3.501363754272461,-2.9201502799987793,0.0027758944779634476,6.430614471435547,3.501363754272461,2.9201502799987793,0.0027758944779634476,0.2000792920589447,0.7999206781387329,0.0006910777883604169
0,25024855B4,25024855B4,1,1,1,1,1,True,True,True,True,1.8547084331512451,0.6211147308349609,1.2426940202713013,0.02445625141263008,1.8547084331512451,0.6211147308349609,1.2426940202713013,0.02445625141263008,0.32001981139183044,0.6799802184104919,0.0012378405081108212
0,25025076B,25025076B,1,0,0,0,0,False,False,False,False,-8.081764221191406,-5.1412482261657715,-2.931415319442749,0.0041315145790576935,8.081764221191406,5.1412482261657715,2.931415319442749,0.0041315145790576935,0.20856308937072754,0.7914369702339172,0.0006632970762439072
0,25025087B,25025087B,1,1,1,1,1,True,True,True,True,12.93490219116211,6.493224620819092,6.450778961181641,0.007384387776255608,12.93490219116211,6.493224620819092,6.450778961181641,0.007384387776255608,0.671736478805542,0.3282635807991028,0.0007816299912519753
0,25025954B3,25025954B3,1,1,1,1,1,True,True,True,True,5.384455680847168,3.7538771629333496,1.639679193496704,0.012956399470567703,5.384455680847168,3.7538771629333496,1.639679193496704,0.012956399470567703,0.5684005618095398,0.4315994679927826,0.001599244074895978
0,25026144B2,25026144B2,1,1,1,1,1,True,True,True,True,11.391448020935059,6.329586029052734,5.070962905883789,0.008728055283427238,11.391448020935059,6.329586029052734,5.070962905883789,0.008728055283427238,0.5182713866233826,0.4817286431789398,0.0007707071490585804
0,25026499B3,25026499B3,1,1,1,1,1,True,True,True,True,12.780425071716309,7.446871280670166,5.342653751373291,0.004793888423591852,12.780425071716309,7.446871280670166,5.342653751373291,0.004793888423591852,0.7956809997558594,0.2043190449476242,0.0017781771020963788
0,25026782B3,25026782B3,1,1,1,1,1,True,True,True,True,9.819877624511719,5.234678268432617,4.59429931640625,0.008702880702912807,9.819877624511719,5.234678268432617,4.59429931640625,0.008702880702912807,0.6433218717575073,0.35667815804481506,0.0006990356487222016
0,25027131B2,25027131B2,1,1,1,1,1,True,True,True,True,10.17446231842041,5.459165573120117,4.7243971824646,0.009966585785150528,10.17446231842041,5.459165573120117,4.7243971824646,0.009966585785150528,0.6143107414245605,0.38568925857543945,0.0005544591112993658
0,25027181B3,25027181B3,1,1,1,1,1,True,True,True,True,13.529542922973633,6.905299663543701,6.633343696594238,0.007825375534594059,13.529542922973633,6.905299663543701,6.633343696594238,0.007825375534594059,0.5667945742607117,0.43320536613464355,0.000516550790052861
0,25027723B4,25027723B4,1,1,1,1,1,True,True,True,True,3.1604881286621094,2.575676679611206,0.59391188621521,0.01260890532284975,3.1604881286621094,2.575676679611206,0.59391188621521,0.01260890532284975,0.2931442856788635,0.7068557143211365,5.074983346275985e-05
0,25028014B7,25028014B7,1,1,1,1,1,True,True,True,True,10.707784652709961,5.699361324310303,5.017524242401123,0.009057693183422089,10.707784652709961,5.699361324310303,5.017524242401123,0.009057693183422089,0.5586308836936951,0.44136908650398254,0.000545945658814162
0,25028514B,25028514B,1,1,1,1,1,True,True,True,True,16.968849182128906,9.482915878295898,7.49503231048584,0.0038034971803426743,16.968849182128906,9.482915878295898,7.49503231048584,0.0038034971803426743,0.46464020013809204,0.535359799861908,0.00022550109133590013
0,25028738B2,25028738B2,1,1,1,1,1,True,True,True,True,6.385427951812744,3.400928258895874,2.9936001300811768,0.012067442759871483,6.385427951812744,3.400928258895874,2.9936001300811768,0.012067442759871483,0.5441229939460754,0.45587700605392456,0.000476923945825547
0,25029425B2,25029425B2,1,1,1,1,1,True,True,True,True,2.149655818939209,0.5027813911437988,1.6559749841690063,0.012534821406006813,2.149655818939209,0.5027813911437988,1.6559749841690063,0.012534821406006813,0.2935810089111328,0.7064189910888672,7.842200284358114e-05
0,25029425B,25029425B,1,1,1,1,1,True,True,True,True,7.7758965492248535,4.330738544464111,3.4542577266693115,0.009489711374044418,7.7758965492248535,4.330738544464111,3.4542577266693115,0.009489711374044418,0.40115633606910706,0.5988436937332153,6.23194791842252e-05
0,25029737B2,25029737B2,1,1,1,1,1,True,True,True,True,4.8658342361450195,2.938046932220459,1.9368879795074463,0.011074579320847988,4.8658342361450195,2.938046932220459,1.9368879795074463,0.011074579320847988,0.3445259630680084,0.6554741263389587,0.00019781518494710326
0,25030334B2,25030334B2,1,1,1,1,1,True,True,True,True,11.546205520629883,5.7917022705078125,5.763604164123535,0.00827547162771225,11.546205520629883,5.7917022705078125,5.763604164123535,0.00827547162771225,0.5913273096084595,0.4086727201938629,0.0004694742092397064
0,25030750B2,25030750B2,1,1,1,1,1,True,True,True,True,15.308893203735352,8.595601081848145,6.7223920822143555,0.011113397777080536,15.308893203735352,8.595601081848145,6.7223920822143555,0.011113397777080536,0.4325426518917084,0.5674573183059692,0.0001722335146041587
0,25030988B4,25030988B4,1,1,1,1,1,True,True,True,True,3.591667652130127,2.1048977375030518,1.4958703517913818,0.01702258177101612,3.591667652130127,2.1048977375030518,1.4958703517913818,0.01702258177101612,0.42240720987319946,0.5775927901268005,0.00019971172150690109
0,25030998B2,25030998B2,1,1,1,1,1,True,True,True,True,12.524481773376465,6.755895614624023,5.777687072753906,0.008387885056436062,12.524481773376465,6.755895614624023,5.777687072753906,0.008387885056436062,0.6223482489585876,0.3776516914367676,0.0004917333135381341
0,25031267B2,25031267B2,1,1,1,1,1,True,True,True,True,13.127131462097168,6.610006332397461,6.5262250900268555,0.004029324743896723,13.127131462097168,6.610006332397461,6.5262250900268555,0.004029324743896723,0.8167003393173218,0.18329967558383942,0.0010815499117597938
0,25031411B3,25031411B3,1,1,1,1,1,True,True,True,True,3.063326358795166,1.9561991691589355,1.116227388381958,0.01834135875105858,3.063326358795166,1.9561991691589355,1.116227388381958,0.01834135875105858,0.45909836888313293,0.5409016609191895,0.00038923422107473016
0,25031706B,25031706B,1,1,1,1,1,True,True,True,True,5.24159574508667,2.9050681591033936,2.345628023147583,0.014968994073569775,5.24159574508667,2.9050681591033936,2.345628023147583,0.014968994073569775,0.5919428467750549,0.40805718302726746,0.0006189679261296988
0,25032179B3,25032179B3,1,0,0,0,0,False,False,False,False,-7.540388584136963,-3.6756861209869385,-3.8556013107299805,0.007314477581530809,7.540388584136963,3.6756861209869385,3.8556013107299805,0.007314477581530809,0.3972156345844269,0.6027843952178955,0.00027514350949786603
0,25032789B2,25032789B2,1,1,1,1,1,True,True,True,True,10.123334884643555,4.769301414489746,5.363134384155273,0.010101777501404285,10.123334884643555,4.769301414489746,5.363134384155273,0.010101777501404285,0.9337895512580872,0.06621044129133224,0.0013073902809992433
0,25033447B4,25033447B4,1,0,0,0,0,False,False,False,False,-8.607401847839355,-5.206860065460205,-3.3914403915405273,0.008465108461678028,8.607401847839355,5.206860065460205,3.3914403915405273,0.008465108461678028,0.3374658226966858,0.6625341773033142,0.00020076398504897952
0,25034327B2,25034327B2,1,1,1,1,1,True,True,True,True,15.217927932739258,8.608391761779785,6.618636608123779,0.0014481325633823872,15.217927932739258,8.608391761779785,6.618636608123779,0.0014481325633823872,0.5674678087234497,0.4325321316719055,0.00039983156602829695
0,25034940B11,25034940B11,1,1,1,1,1,True,True,True,True,17.005687713623047,9.651717185974121,7.363071441650391,0.004815107677131891,17.005687713623047,9.651717185974121,7.363071441650391,0.004815107677131891,0.4531456530094147,0.5468543767929077,0.00027714541647583246
0,25034940B12,25034940B12,1,1,1,1,1,True,True,True,True,11.289419174194336,5.863125324249268,5.435394287109375,0.0068176076747477055,11.289419174194336,5.863125324249268,5.435394287109375,0.0068176076747477055,0.6531873941421509,0.3468126654624939,0.0007103311945684254
0,25035354B3,25035354B3,1,1,1,1,1,True,True,True,True,9.982929229736328,5.2053022384643555,4.786727428436279,0.00823298841714859,9.982929229736328,5.2053022384643555,4.786727428436279,0.00823298841714859,0.8113391399383545,0.18866084516048431,0.0012266549747437239
0,25044694B,25044694B,1,1,1,1,1,True,True,True,True,11.676990509033203,7.106509208679199,4.579581260681152,0.009056423790752888,11.676990509033203,7.106509208679199,4.579581260681152,0.009056423790752888,0.537287175655365,0.4627128541469574,0.0006099618622101843
0,25045625B3,25045625B3,1,1,1,1,1,True,True,True,True,11.186307907104492,5.539772033691406,5.655635833740234,0.008834358304738998,11.186307907104492,5.539772033691406,5.655635833740234,0.008834358304738998,0.5271992683410645,0.47280070185661316,0.00022900279145687819
0,25045625B1,25045625B1,1,1,1,1,1,True,True,True,True,9.177143096923828,4.823779582977295,4.362464904785156,0.01023777574300766,9.177143096923828,4.823779582977295,4.362464904785156,0.01023777574300766,0.6244212985038757,0.3755786418914795,0.0007029433618299663
0,25045801B2,25045801B2,1,1,1,1,1,True,True,True,True,8.86260986328125,4.7206950187683105,4.151015281677246,0.00866689346730709,8.86260986328125,4.7206950187683105,4.151015281677246,0.00866689346730709,0.95819491147995,0.04180516302585602,0.0017316340235993266
0,25045829B2,25045829B2,1,1,1,1,1,True,True,True,True,13.253997802734375,6.778201103210449,6.484896659851074,0.00663515692576766,13.253997802734375,6.778201103210449,6.484896659851074,0.00663515692576766,0.6691329479217529,0.33086708188056946,0.0007106775883585215
0,25046631B2,25046631B2,1,1,1,1,1,True,True,True,True,15.080840110778809,7.748198986053467,7.34174108505249,0.0018783193081617355,15.080840110778809,7.748198986053467,7.34174108505249,0.0018783193081617355,0.7572941780090332,0.2427057921886444,0.000964514329098165
0,25047538B2,25047538B2,1,1,1,1,1,True,True,True,True,14.658424377441406,8.032160758972168,6.6353631019592285,0.005737879313528538,14.658424377441406,8.032160758972168,6.6353631019592285,0.005737879313528538,0.5239192247390747,0.4760807156562805,0.00035668036434799433
0,25049999B2,25049999B2,1,1,1,1,1,True,True,True,True,13.908029556274414,7.135871887207031,6.781257152557373,0.004981559235602617,13.908029556274414,7.135871887207031,6.781257152557373,0.004981559235602617,0.6479732394218445,0.35202673077583313,0.0005878853262402117
0,25050888B2,25050888B2,1,1,1,1,1,True,True,True,True,3.844635486602783,2.181673049926758,1.672062635421753,0.017093293368816376,3.844635486602783,2.181673049926758,1.672062635421753,0.017093293368816376,0.4953060448169708,0.5046939849853516,0.00047591852489858866
0,25051008B4,25051008B4,1,1,1,1,1,True,True,True,True,10.061285018920898,5.669729709625244,4.400656700134277,0.0075050219893455505,10.061285018920898,5.669729709625244,4.400656700134277,0.0075050219893455505,0.9089259505271912,0.09107404947280884,0.0018392638303339481
0,25054693B2,25054693B2,1,1,1,1,1,True,True,True,True,7.020626544952393,3.2640273571014404,3.7656993865966797,0.013693402521312237,7.020626544952393,3.2640273571014404,3.7656993865966797,0.013693402521312237,0.880142331123352,0.11985764652490616,0.0015945066697895527
0,25055778B2,25055778B2,1,1,1,1,1,True,True,True,True,7.8441667556762695,3.759204864501953,4.094062328338623,0.011305231600999832,7.8441667556762695,3.759204864501953,4.094062328338623,0.011305231600999832,0.593134343624115,0.406865656375885,0.0004990420420654118
0,25055784B2,25055784B2,1,1,1,1,1,True,True,True,True,8.760455131530762,4.211056232452393,4.558499336242676,0.009781211614608765,8.760455131530762,4.211056232452393,4.558499336242676,0.009781211614608765,0.4591993987560272,0.5408005714416504,0.00011200870358152315
0,25057854B3,25057854B3,1,1,1,1,1,True,True,True,True,13.495219230651855,6.264449596405029,7.239870548248291,0.0051566059701144695,13.495219230651855,6.264449596405029,7.239870548248291,0.0051566059701144695,0.8994263410568237,0.10057365149259567,0.0011534796794876456
0,25057865B1,25057865B1,1,0,0,0,0,False,False,False,False,-3.2980761528015137,-2.6564576625823975,-0.632518470287323,0.016435064375400543,3.2980761528015137,2.6564576625823975,0.632518470287323,0.016435064375400543,0.06287091225385666,0.9371290802955627,0.0043227411806583405
0,25059686B2,25059686B2,1,1,1,1,1,True,True,True,True,5.44304895401001,3.91953706741333,1.5326123237609863,0.013625157997012138,5.44304895401001,3.91953706741333,1.5326123237609863,0.013625157997012138,0.38451796770095825,0.6154820322990417,0.0002813744358718395
0,25062891B4,25062891B4,1,1,1,1,1,True,True,True,True,6.77413272857666,3.6363418102264404,3.146890878677368,0.012006566859781742,6.77413272857666,3.6363418102264404,3.146890878677368,0.012006566859781742,0.7799836993217468,0.2200162559747696,0.0014334453735500574
0,25063642B,25063642B,1,1,1,1,1,True,True,True,True,15.63910961151123,7.676909446716309,7.971301078796387,-0.0001397421583533287,15.63910961151123,7.676909446716309,7.971301078796387,0.0001397421583533287,0.8475273251533508,0.15247270464897156,0.000918110366910696
