,train,val,test
0,2460239-B2,2460753-B2,2460405-B2
1,2460242-B2,2461703-B3,2461718-B3
2,2460399-B2,2461755-B3,2461857-B2
3,2460404-B3,2462170-B4,2461861-B2
4,2460591-B2,2462483-B,2462123-B2
5,2460602-B,2462920-B3,2462290-B2
6,2460628-B2,2462921-B,2462478-B2
7,2460641-B2,2462987-B2,2462830-B4
8,2460643-B,2463379-B4,2463647-B2
9,2460770-B2,2463656-B2,2465243-B2
10,2460949-B3,2463720-B7,2465639-B2
11,2460960-B,2464690-B2,2466152-B2
12,2460974-B2,2465397-B,2466159-B2
13,2461002-B2,2465661-B2,2466881-B2
14,2461487-B2,2466703-B4,2466884-B2
15,2461671-B2,2466923-B2,2468450-B2
16,2461672-B2,2468796-B3,2468698-B2
17,2461677-B2,2469047-B2,2468720-B2
18,2461698-B,2469256-B2,2469230-B
19,2461700-B2,2469496-B,2469515-B2
20,2461836-B2,2471072-B2,2469661-B
21,2462293-B3,2471884-B2,2469927-B2
22,2462598-B,2472465-B2,2469963-B2
23,2462614-B3,2472481-B2,2470270-B2
24,2462637-B2,2473228-B2,2470647-B2
25,2462830-B2,2473266-B,2471442-B3
26,2462840-B5,2473600-B3,2471452-B2
27,2462885-B2,2473608-B2,2471921-B2
28,2463126-B2,2474612-B2,2472453-B2
29,2463127-B3,2476295-B3,2472509-B4
30,2463135-B,2476681-B2,2473394-B2
31,2463187-B2,2477189-B2,2473545-B3
32,2463351-B4,2477299-B2,2473621-B3
33,2463370-B2,2477473-B2,2474189-B7
34,2463404-B2,2477541-B2,2474704-B2
35,2463643-B,2477668-B3,2475126-B2
36,2464404-B5,2482947-B2,2475349-B2
37,2464438-B5,2482956-B,2476983-B
38,2464443-B,2482957-B2,2477058-B2
39,2464548-B,2483363-B3,2477118-B3
40,2464812-B3,2483868-B4,2477189-B3
41,2464817-B,2484727-B2,2477274-B3
42,2464879-B2,2484734-B4,2477476-B2
43,2464929-B,2484743-B4,2477577-B3
44,2464943-B2,2485303-B2,2484004-B2
45,2465202-B3,2485318-B2,2484734-B5
46,2465263-B2,2485328-B2,2484791-B3
47,2465339-B2,2486165-B2,2484883-B2
48,2465367-B3,2486197-B2,2485517-B2
49,2465396-B2,2486653-B2,2486262-B4
50,2465568-B2,2486812-B2,2486859-B2
51,2465608-B2,2486813-B2,2487246-B2
52,2465625-B,2486833-B2,2487388-B2
53,2465636-B,2486845-B2,2487896-B2
54,2465643-B3,2487146-B2,2487935-B2
55,2465795-B4,2487274-B2,2488039-B2
56,2465827-B5,2487376-B2,2488044-B2
57,2465843-B2,2488065-B3,2488767-B
58,2465989-B2,2488320-B3,2488806-B2
59,2466264-B2,2488475-B2,2489182-B2
60,2466285-B,2488916-B2,2489203-B
61,2466580-B5,2488932-B4,25012148B4
62,2466581-B1,2489131-B3,25012253B3
63,2466581-B2,2489137-B4,25012760B2
64,2466584-B,25012170B4,25013023B2
65,2466718-B,25012785B2,25013062B3
66,2466866-B,25012919B9,25013162B2
67,2466891-B2,25013189B2,25014160B2
68,2466893-B2,25013871B6,25014217B2
69,2466898-B2,25014311B2,25015103B2
70,2466899-B2,25015101B2,25015204B2
71,2468105-B2,25015190B2,25016785B2
72,2468321-B2,25015425B2,25016829B2
73,2468325-B,25015607B2,25016903B4
74,2468417-B2,25015820B,25017089B2
75,2468419-B2,25015863B2,25017211B2
76,2468419-B3,25016801B2,25017322B2
77,2468442-B2,25017242B2,25017338B3
78,2468673-B2,25017341B4,25017355B1
79,2468954-B2,25017354B5,25017539B2
80,2469004-B2,25017383B2,25017589B6
81,2469005-B2,25017515B2,25017767B2
82,2469007-B2,25017539B3,25017932B2
83,2469019-B2,25017716B2,25018910B2
84,2469023-B2,25017738B2,25019081B3
85,2469023-B4,25019376B2,25019102B4
86,2469024-B,25019621B4,25019107B
87,2469029-B2,25019716B2,25019457B2
88,2469033-B2,25019776B2,25019468B2
89,2469072-B2,25020573B3,25019773B3
90,2469074-B2,25021164B2,25020291B2
91,2469110-B3,25021538B2,25020717B2
92,2469260-B3,25021554B2,25021171B2
93,2469505-B2,25021658B3,25021622B4
94,2469569-B2,25021662B2,25021668B2
95,2469693-B,25021894B2,25021901B2
96,2469849-B2,25021911B2,25022019B2
97,2469916-B2,25021973B2,25022278B2
98,2469965-B2,25022038B2,25023016B6
99,2469969-B2,25022262B2,25023573B
100,2470260-B,25022330B2,25023869B4
101,2470405-B2,25023814B,25024982B2
102,2470657-B3,25023977B2,25025096B2
103,2471237-B2,25024243B2,25025109B2
104,2471595-B3,25024302B4,25025251B
105,2471618-B3,25024431B,25025262B2
106,2471885-B2,25024855B3,25025510B3
107,2471887-B,25024983B2,25025570B2
108,2471957-B,25025245B2,25025602B2
109,2471959-B2,25025567B3,25026254B2
110,2471963-B,25025575B2,25026291B2
111,2472316-B7,25025960B2,25026798B2
112,2472471-B2,25026103B3,25018592B
113,2472500-B2,25026180B2,2490820B2
114,2472505-B,25027135B3,2490844B1
115,2472509-B6,25012148B3,2490860B2
116,2473212-B4,25017073B2,2490972B8
117,2473218-B2,2491191B3,25002073B3
118,2473218-B3,2491226B2,25002366B6
119,2473272-B3,2491560B2,25002472B2
120,2473366-B2,25002328B2,25002496B2
121,2473534-B2,25002388B2,25002789B2
122,2473545-B2,25002744B2,25002804B2
123,2473549-B,25002906B2,25002898B2
124,2473623-B2,25003038B2,25009148B3
125,2473738-B3,25009747B,25009529B2
126,2474124-B2,25009756B2,25015064B
127,2474140-B3,2476286-B2,2460615-B4
128,2474150-B3,2482111-B2,2462939-B
129,2474188-B2,2483850-B2,2483073-B3
130,2474291-B2,2484660-B2,2485164-B2
131,2474337-B3,2485473-B2,2485536-B2
132,2474500-B2,2487053-B2,2485632-B
133,2474626-B2,2488302-B2,2487063-B2
134,2474631-B3,2488960-B2,2488040-B
135,2474638-B3,2488987-B2,25013629B6
136,2474718-B4,25013977B2,25014298B2
137,2474721-B,25015191B2,25014627B3
138,2474739-B2,25015594B2,25015496B
139,2474901-B,25015640B3,25015784B2
140,2475011-B2,25017355B4,25017341B3
141,2475022-B,25017739B2,25017930B
142,2475159-B,25019294B2,25018956B3
143,2475184-B2,25019339B3,25019503B
144,2476242-B2,25020799B3,25019675B2
145,2476250-B2,25021735B5,25020232B
146,2476252-B2,25023687B4,25021196B2
147,2476358-B2,25023972B3,25021277B3
148,2476376-B2,25025076B,25021665B2
149,2476391-B2,25025087B,25022584B3
150,2476750-B,25025954B3,25023828B
151,2476834-B3,25026144B2,25023935B2
152,2476856-B2,25026144B3,25024765B2
153,2476984-B2,25026285B2,25024982B1
154,2477039-B,25026782B3,25025616B
155,2477053-B3,25027181B2,25027131B2
156,2477118-B4,25027193B,25027181B3
157,2477285-B2,2491579B,25002379B2
158,2477670-B2,,
159,2477695-B2,,
160,2477809-B3,,
161,2477814-B5,,
162,2477941-B2,,
163,2477949-B2,,
164,2477977-B3,,
165,2478091-B4,,
166,2481696-B4,,
167,2481703-B2,,
168,2481723-B2,,
169,2481750-B2,,
170,2482055-B2,,
171,2482056-B4,,
172,2482056-B9,,
173,2482461-B2,,
174,2482483-B2,,
175,2482607-B,,
176,2482886-B2,,
177,2482896-B2,,
178,2482952-B2,,
179,2482962-B2,,
180,2482964-B2,,
181,2482969-B,,
182,2482992-B,,
183,2483014-B4,,
184,2483055-B2,,
185,2483211-B2,,
186,2483215-B5,,
187,2483215-B6,,
188,2483220-B1,,
189,2483768-B4,,
190,2483846-B,,
191,2483862-B2,,
192,2483961-B3,,
193,2483973-B1,,
194,2483993-B2,,
195,2484209-B2,,
196,2484220-B3,,
197,2484228-B,,
198,2484301-B2,,
199,2484312-B2,,
200,2484463-B2,,
201,2484633-B2,,
202,2484771-B3,,
203,2485059-B2,,
204,2485259-B6,,
205,2485275-B2,,
206,2485322-B2,,
207,2485635-B2,,
208,2485803-B2,,
209,2485805-B,,
210,2485969-B2,,
211,2486100-B,,
212,2486104-B1,,
213,2486104-B2,,
214,2486191-B,,
215,2486653-B3,,
216,2486687-B3,,
217,2487140-B2,,
218,2487143-B,,
219,2487237-B2,,
220,2487558-B2,,
221,2487651-B,,
222,2487656-B4,,
223,2487664-B2,,
224,2487941-B2,,
225,2488044-B3,,
226,2488050-B3,,
227,2488330-B2,,
228,2488344-B2,,
229,2488369-B2,,
230,2488477-B2,,
231,2488769-B2,,
232,2489331-B2,,
233,25012153B2,,
234,25012170B5,,
235,25012175B4,,
236,25012485B2,,
237,25012628B2,,
238,25012915B2,,
239,25012919B8,,
240,25013189B3,,
241,25013352B2,,
242,25013465B2,,
243,25013878B2,,
244,25014124B2,,
245,25014217B3,,
246,25014226B2,,
247,25014265B2,,
248,25014268B,,
249,25014318B,,
250,25014684B,,
251,25015070B2,,
252,25015087B2,,
253,25015234B2,,
254,25015408B3,,
255,25015422B,,
256,25015488B2,,
257,25015495B3,,
258,25015495B4,,
259,25015622B2,,
260,25015625B2,,
261,25015811B3,,
262,25015811B4,,
263,25015870B3,,
264,25016077B2,,
265,25016088B2,,
266,25016772B2,,
267,25016905B4,,
268,25016915B2,,
269,25016926B2,,
270,25017218B3,,
271,25017220B2,,
272,25017227B2,,
273,25017320B2,,
274,25017372B2,,
275,25017518B2,,
276,25017538B4,,
277,25017711B,,
278,25017718B2,,
279,25017748B2,,
280,25017948B3,,
281,25018002B2,,
282,25018050B2,,
283,25018453B2,,
284,25018457B2,,
285,25018571B2,,
286,25019283B2,,
287,25019284B2,,
288,25019352B2,,
289,25019379B,,
290,25019384B2,,
291,25019508B4,,
292,25019621B2,,
293,25019790B2,,
294,25019806B2,,
295,25020257B2,,
296,25020263B2,,
297,25020282B2,,
298,25020714B2,,
299,25020760B3,,
300,25021120B4,,
301,25021197B2,,
302,25021260B2,,
303,25021291B2,,
304,25021419B1,,
305,25021474B,,
306,25021481B2,,
307,25021575B4,,
308,25021640B3,,
309,25021667B2,,
310,25021893B2,,
311,25021894B3,,
312,25021918B4,,
313,25022343B3,,
314,25022354B2,,
315,25022406B2,,
316,25023184B2,,
317,25023590B3,,
318,25023590B4,,
319,25023687B2,,
320,25023690B3,,
321,25023869B3,,
322,25023930B2,,
323,25023934B2,,
324,25023936B2,,
325,25024142B2,,
326,25024310B3,,
327,25024688B2,,
328,25024698B4,,
329,25024709B2,,
330,25024732B2,,
331,25024878B3,,
332,25025083B2,,
333,25025102B2,,
334,25025240B,,
335,25025297B,,
336,25025298B2,,
337,25025506B,,
338,25025509B2,,
339,25025510B1,,
340,25025675B2,,
341,25025788B2,,
342,25025953B2,,
343,25026075B2,,
344,25026081B2,,
345,25026163B,,
346,25026669B2,,
347,25026740B2,,
348,25027122B2,,
349,25027167B2,,
350,25027290B2,,
351,25018584B,,
352,2490526B3,,
353,2490547B2,,
354,2490750B4,,
355,2490820B3,,
356,2490837B2,,
357,2490963B2,,
358,2490964B2,,
359,2490978B2,,
360,2491131B2,,
361,2491191B2,,
362,2491275B2,,
363,25001929B3,,
364,25001939B2,,
365,25001965B2,,
366,25001966B2,,
367,25002238B,,
368,25002329B2,,
369,25002391B2,,
370,25002504B2,,
371,25002663B5,,
372,25002788B2,,
373,25002801B1,,
374,25002897B2,,
375,25002907B3,,
376,25009124B2,,
377,25009148B4,,
378,25009294B2,,
379,25009297B,,
380,25009367B2,,
381,25009539B3,,
382,25009578B4,,
383,2460943-B3,,
384,2462468-B2,,
385,2462609-B2,,
386,2463367-B2,,
387,2476299-B2,,
388,2476693-B3,,
389,2477926-B4,,
390,2482883-B2,,
391,2484791-B2,,
392,2484862-B3,,
393,2485276-B3,,
394,2486102-B2,,
395,2487043-B,,
396,2487518-B,,
397,2487567-B2,,
398,2488335-B,,
399,25012737B4,,
400,25013062B2,,
401,25013189B4,,
402,25015052B3,,
403,25015191B3,,
404,25015215B2,,
405,25015421B3,,
406,25015471B,,
407,25015608B2,,
408,25015640B5,,
409,25015798B2,,
410,25015867B2,,
411,25016027B,,
412,25016031B2,,
413,25016827B2,,
414,25017342B2,,
415,25017499B,,
416,25017500B,,
417,25017592B3,,
418,25017730B2,,
419,25017923B,,
420,25018478B2,,
421,25019094B8,,
422,25019273B,,
423,25019294B1,,
424,25019335B6,,
425,25019339B2,,
426,25019474B2,,
427,25019629B2,,
428,25019705B2,,
429,25020353B2,,
430,25020556B4,,
431,25020714B4,,
432,25020799B5,,
433,25021277B4,,
434,25021421B2,,
435,25021487B,,
436,25021555B2,,
437,25021558B2,,
438,25021665B3,,
439,25021672B,,
440,25021890B4,,
441,25021890B6,,
442,25021922B2,,
443,25022013B,,
444,25022344B2,,
445,25022458B2,,
446,25022584B2,,
447,25022613B2,,
448,25023174B2,,
449,25023327B3,,
450,25023687B3,,
451,25023846B4,,
452,25023961B2,,
453,25024254B2,,
454,25024433B2,,
455,25024695B2,,
456,25024855B4,,
457,25024875B2,,
458,25025097B,,
459,25025291B,,
460,25025293B2,,
461,25025567B4,,
462,25025569B,,
463,25025951B,,
464,25025975B2,,
465,25026103B2,,
466,25026294B3,,
467,25026499B3,,
468,25026509B,,
469,25026752B,,
470,25026797B2,,
471,25027181B4,,
472,25027181B5,,
473,25027181B6,,
474,2490980B,,
475,2491552B,,
476,25002510B2,,
477,25009557B,,
